0.672863074988533,1.02149679259917,1.02149679259917,-0.0244043602327448,-0.373038077843384,-1.76757294828594,-0.721671795454023,-1.76757294828594,-1.76757294828594,1.02149679259917,-0.721671795454023,1.02149679259917,-1.41893923067530,-0.721671795454023,-1.76757294828594,0.324229357377894,-0.721671795454023,-1.07030551306466,0.672863074988533,-0.0244043602327448,1.02149679259917,-1.76757294828594,0.324229357377894,-0.0244043602327448,1.02149679259917,1.02149679259917,-0.0244043602327448,-1.41893923067530,-1.41893923067530,-1.41893923067530,-1.07030551306466,1.02149679259917,1.02149679259917,1.02149679259917,-1.76757294828594,0.324229357377894,1.02149679259917,-0.721671795454023,-0.373038077843384,1.02149679259917,-0.373038077843384,0.672863074988533,-1.41893923067530,-1.07030551306466,-1.76757294828594,1.02149679259917,-0.0244043602327448,-0.721671795454023,-1.41893923067530,0.324229357377894,-1.07030551306466,-1.76757294828594,1.02149679259917,-1.07030551306466,0.672863074988533,0.324229357377894,1.02149679259917,0.324229357377894,-0.0244043602327448,0.324229357377894,0.324229357377894,-0.721671795454023,-0.0244043602327448,0.324229357377894,-1.76757294828594,1.02149679259917,-0.0244043602327448,1.02149679259917,1.02149679259917,1.02149679259917,1.02149679259917,0.324229357377894,1.02149679259917,-0.373038077843384,0.324229357377894,1.02149679259917,-0.0244043602327448,0.672863074988533,1.02149679259917,1.02149679259917,-0.373038077843384,0.672863074988533,-1.76757294828594,-0.0244043602327448,-1.76757294828594,1.02149679259917,1.02149679259917,1.02149679259917,1.02149679259917,-0.0244043602327448,1.02149679259917,1.02149679259917,0.324229357377894,1.02149679259917,0.672863074988533,1.02149679259917,-1.07030551306466,-1.41893923067530,1.02149679259917,0.672863074988533
0.412726722710664,0.805799791958915,0.805799791958915,-0.766492485034090,-0.766492485034090,-1.55263862353059,-1.55263862353059,0.0196536534624125,-1.94571169277884,0.412726722710664,-1.15956555428234,0.805799791958915,0.412726722710664,-1.94571169277884,-1.94571169277884,0.0196536534624125,-1.15956555428234,0.805799791958915,0.412726722710664,0.412726722710664,0.0196536534624125,-1.94571169277884,0.805799791958915,0.805799791958915,0.805799791958915,0.805799791958915,-0.373419415785839,-1.55263862353059,0.0196536534624125,-2.33878476202709,0.805799791958915,0.412726722710664,0.412726722710664,0.805799791958915,-1.94571169277884,0.0196536534624125,0.805799791958915,0.805799791958915,0.412726722710664,0.805799791958915,0.0196536534624125,-1.94571169277884,-1.94571169277884,-1.15956555428234,-0.766492485034090,0.412726722710664,0.805799791958915,-1.94571169277884,-1.94571169277884,0.0196536534624125,-1.15956555428234,-1.94571169277884,0.805799791958915,0.412726722710664,0.805799791958915,-1.15956555428234,0.805799791958915,0.0196536534624125,0.805799791958915,0.412726722710664,0.412726722710664,-0.766492485034090,0.805799791958915,0.412726722710664,-1.55263862353059,0.805799791958915,-1.15956555428234,0.805799791958915,0.805799791958915,0.412726722710664,0.805799791958915,0.805799791958915,0.805799791958915,-0.373419415785839,0.805799791958915,0.805799791958915,0.805799791958915,0.805799791958915,0.805799791958915,0.805799791958915,0.0196536534624125,0.412726722710664,-1.94571169277884,0.412726722710664,-0.373419415785839,0.805799791958915,0.805799791958915,0.0196536534624125,0.805799791958915,0.805799791958915,0.805799791958915,0.805799791958915,0.805799791958915,0.805799791958915,0.805799791958915,0.805799791958915,-0.766492485034090,0.412726722710664,0.805799791958915,0.805799791958915
0.907604275173655,-1.75204195244145,-0.0897630601820096,-1.08713039553767,-1.41958617398956,-1.75204195244145,-0.754674617085786,-1.41958617398956,-1.75204195244145,0.907604275173655,-0.0897630601820096,0.907604275173655,-0.754674617085786,-1.75204195244145,-1.75204195244145,0.575148496721767,-1.75204195244145,0.907604275173655,0.907604275173655,0.242692718269878,0.575148496721767,-1.75204195244145,0.242692718269878,0.575148496721767,0.575148496721767,0.907604275173655,0.242692718269878,-1.08713039553767,0.242692718269878,-1.75204195244145,0.575148496721767,0.575148496721767,0.575148496721767,0.575148496721767,-1.08713039553767,0.575148496721767,0.907604275173655,0.907604275173655,0.242692718269878,0.907604275173655,-1.75204195244145,-1.41958617398956,-1.41958617398956,-1.08713039553767,-1.75204195244145,-1.08713039553767,-0.422218838633898,0.575148496721767,-1.08713039553767,-1.41958617398956,-0.0897630601820096,-1.08713039553767,0.575148496721767,0.907604275173655,0.907604275173655,-1.41958617398956,0.907604275173655,0.575148496721767,0.907604275173655,0.907604275173655,0.575148496721767,-0.0897630601820096,-0.754674617085786,-0.0897630601820096,-1.75204195244145,0.907604275173655,-0.0897630601820096,0.907604275173655,0.907604275173655,0.907604275173655,0.907604275173655,0.907604275173655,0.575148496721767,0.242692718269878,0.907604275173655,-1.08713039553767,-1.75204195244145,0.907604275173655,0.575148496721767,0.907604275173655,0.575148496721767,0.907604275173655,-1.75204195244145,0.907604275173655,-0.0897630601820096,0.907604275173655,0.907604275173655,0.907604275173655,0.907604275173655,0.575148496721767,0.907604275173655,0.575148496721767,0.575148496721767,0.907604275173655,0.907604275173655,0.575148496721767,-0.754674617085786,0.242692718269878,0.907604275173655,0.907604275173655
-0.626336327259228,0.492121399989394,-0.0671074636349174,0.492121399989394,-1.18556519088354,-0.626336327259228,0.492121399989394,-0.626336327259228,-2.86325178175647,0.492121399989394,-0.626336327259228,-0.0671074636349174,1.05135026361370,-1.18556519088354,-1.74479405450785,-0.626336327259228,-0.0671074636349174,0.492121399989394,0.492121399989394,-0.626336327259228,-0.626336327259228,-1.74479405450785,0.492121399989394,-0.0671074636349174,1.05135026361370,1.05135026361370,0.492121399989394,-1.18556519088354,1.05135026361370,-2.30402291813216,-1.18556519088354,-0.626336327259228,1.05135026361370,0.492121399989394,-1.18556519088354,1.05135026361370,1.05135026361370,1.05135026361370,-0.0671074636349174,1.05135026361370,-0.626336327259228,-2.30402291813216,-0.0671074636349174,-0.626336327259228,-1.18556519088354,-0.0671074636349174,-1.18556519088354,-1.74479405450785,-1.74479405450785,-0.626336327259228,-1.18556519088354,-0.0671074636349174,1.05135026361370,0.492121399989394,0.492121399989394,-2.86325178175647,1.05135026361370,0.492121399989394,1.05135026361370,0.492121399989394,-0.0671074636349174,-0.0671074636349174,0.492121399989394,-0.626336327259228,-0.0671074636349174,1.05135026361370,-0.626336327259228,1.05135026361370,1.05135026361370,0.492121399989394,1.05135026361370,1.05135026361370,0.492121399989394,-0.0671074636349174,1.05135026361370,-0.0671074636349174,-0.626336327259228,1.05135026361370,1.05135026361370,1.05135026361370,-0.626336327259228,-0.0671074636349174,-1.74479405450785,0.492121399989394,-0.0671074636349174,1.05135026361370,1.05135026361370,-0.626336327259228,0.492121399989394,1.05135026361370,1.05135026361370,1.05135026361370,1.05135026361370,1.05135026361370,0.492121399989394,1.05135026361370,-0.0671074636349174,-1.18556519088354,1.05135026361370,-0.0671074636349174
-1.05529536885651,0.941209383034182,-0.770080404300694,-0.770080404300694,-0.770080404300694,-1.34051033341232,-0.770080404300694,-0.484865439744882,-1.34051033341232,0.941209383034182,-0.770080404300694,0.941209383034182,-0.770080404300694,-1.34051033341232,-1.34051033341232,-1.34051033341232,-1.34051033341232,0.941209383034182,-1.05529536885651,-1.34051033341232,0.941209383034182,-1.34051033341232,0.941209383034182,-1.34051033341232,0.941209383034182,0.941209383034182,0.941209383034182,-1.05529536885651,0.941209383034182,-1.34051033341232,-1.34051033341232,-1.05529536885651,0.941209383034182,0.941209383034182,-1.34051033341232,0.941209383034182,0.941209383034182,0.941209383034182,0.941209383034182,0.941209383034182,-0.770080404300694,-1.34051033341232,-0.770080404300694,-1.34051033341232,-0.484865439744882,-0.770080404300694,-0.484865439744882,-1.05529536885651,-1.34051033341232,-0.770080404300694,-1.34051033341232,-1.34051033341232,0.941209383034182,0.941209383034182,0.941209383034182,-1.34051033341232,0.941209383034182,-0.484865439744882,-0.199650475189069,0.941209383034182,0.370779453922556,0.941209383034182,0.941209383034182,0.941209383034182,-1.34051033341232,0.0855644893667438,-1.05529536885651,0.941209383034182,0.941209383034182,0.941209383034182,0.941209383034182,0.941209383034182,-0.199650475189069,0.941209383034182,0.941209383034182,0.941209383034182,0.941209383034182,0.941209383034182,0.941209383034182,0.941209383034182,-0.199650475189069,0.941209383034182,-1.34051033341232,-0.484865439744882,-1.34051033341232,0.941209383034182,0.941209383034182,0.941209383034182,0.941209383034182,0.941209383034182,0.941209383034182,0.941209383034182,0.941209383034182,0.941209383034182,0.941209383034182,0.941209383034182,-1.05529536885651,-1.34051033341232,0.941209383034182,0.0855644893667438
0.645644459170695,0.645644459170695,-0.318003987352730,0.645644459170695,0.163820235908982,-0.318003987352730,-0.799828210614443,-2.24530088039958,0.163820235908982,0.645644459170695,0.645644459170695,0.645644459170695,0.645644459170695,-0.318003987352730,-0.318003987352730,0.645644459170695,0.163820235908982,0.645644459170695,0.645644459170695,0.645644459170695,0.163820235908982,0.163820235908982,0.163820235908982,0.645644459170695,0.645644459170695,0.645644459170695,-0.318003987352730,-2.72712510366129,-0.318003987352730,-2.24530088039958,0.163820235908982,0.163820235908982,0.163820235908982,0.163820235908982,-0.799828210614443,0.645644459170695,0.645644459170695,0.163820235908982,0.645644459170695,0.645644459170695,0.163820235908982,-2.72712510366129,0.163820235908982,-0.799828210614443,0.645644459170695,0.163820235908982,-2.72712510366129,0.163820235908982,-2.72712510366129,0.645644459170695,0.163820235908982,-0.318003987352730,0.645644459170695,0.645644459170695,0.645644459170695,-2.72712510366129,0.645644459170695,0.163820235908982,0.163820235908982,-0.318003987352730,0.645644459170695,0.163820235908982,0.645644459170695,-1.76347665713787,-2.72712510366129,0.163820235908982,-2.72712510366129,0.645644459170695,0.645644459170695,0.645644459170695,0.163820235908982,0.645644459170695,0.645644459170695,0.163820235908982,0.163820235908982,0.163820235908982,-0.318003987352730,0.645644459170695,0.645644459170695,0.645644459170695,0.163820235908982,0.163820235908982,-3.20894932692301,0.645644459170695,-0.799828210614443,0.645644459170695,0.645644459170695,0.645644459170695,0.645644459170695,0.645644459170695,0.645644459170695,0.163820235908982,0.645644459170695,0.645644459170695,0.645644459170695,0.645644459170695,0.163820235908982,0.163820235908982,0.645644459170695,0.163820235908982
-0.992318964335836,-0.992318964335836,-0.992318964335836,-0.401652914135934,-0.992318964335836,-1.58298501453574,0.189013136063969,-0.401652914135934,-0.401652914135934,0.189013136063969,-0.992318964335836,-0.992318964335836,0.189013136063969,-2.17365106473564,-2.17365106473564,0.189013136063969,-1.58298501453574,0.779679186263872,-0.401652914135934,0.189013136063969,0.779679186263872,0.189013136063969,0.779679186263872,-0.992318964335836,0.779679186263872,1.37034523646377,-2.17365106473564,-0.992318964335836,0.189013136063969,-2.17365106473564,-0.992318964335836,-0.401652914135934,1.37034523646377,-0.401652914135934,-0.992318964335836,0.189013136063969,0.779679186263872,1.37034523646377,-0.401652914135934,0.779679186263872,0.189013136063969,-0.401652914135934,-0.401652914135934,0.779679186263872,-0.992318964335836,0.779679186263872,-0.401652914135934,-0.401652914135934,-0.992318964335836,-0.401652914135934,0.189013136063969,-0.401652914135934,0.779679186263872,1.37034523646377,0.189013136063969,-0.992318964335836,1.37034523646377,-0.992318964335836,-0.992318964335836,1.37034523646377,-0.401652914135934,0.779679186263872,0.189013136063969,-0.401652914135934,-1.58298501453574,1.96101128666368,-1.58298501453574,0.779679186263872,1.37034523646377,0.779679186263872,0.779679186263872,-0.992318964335836,1.37034523646377,0.189013136063969,0.779679186263872,0.779679186263872,-1.58298501453574,1.96101128666368,0.779679186263872,0.779679186263872,0.779679186263872,0.779679186263872,-0.992318964335836,0.779679186263872,-0.401652914135934,0.779679186263872,0.779679186263872,1.37034523646377,0.779679186263872,1.37034523646377,0.779679186263872,-0.992318964335836,0.189013136063969,0.779679186263872,0.779679186263872,0.779679186263872,-0.992318964335836,-0.992318964335836,1.37034523646377,0.189013136063969
1.42336131983713,-0.123770549551055,-0.123770549551055,-0.123770549551055,1.42336131983713,-0.123770549551055,1.42336131983713,-0.123770549551055,-0.123770549551055,-0.123770549551055,1.42336131983713,-0.123770549551055,-0.123770549551055,-1.67090241893925,-0.123770549551055,-0.123770549551055,-0.123770549551055,-0.123770549551055,-0.123770549551055,-0.123770549551055,-1.67090241893925,-0.123770549551055,-0.123770549551055,1.42336131983713,1.42336131983713,-1.67090241893925,1.42336131983713,-0.123770549551055,-0.123770549551055,-0.123770549551055,-1.67090241893925,1.42336131983713,-1.67090241893925,-0.123770549551055,-3.21803428832744,-1.67090241893925,1.42336131983713,-0.123770549551055,-0.123770549551055,-0.123770549551055,-1.67090241893925,-1.67090241893925,1.42336131983713,-0.123770549551055,1.42336131983713,-0.123770549551055,-1.67090241893925,-1.67090241893925,-0.123770549551055,-0.123770549551055,-1.67090241893925,-1.67090241893925,-0.123770549551055,1.42336131983713,-0.123770549551055,-0.123770549551055,-0.123770549551055,-0.123770549551055,-0.123770549551055,-0.123770549551055,1.42336131983713,-0.123770549551055,-0.123770549551055,-0.123770549551055,-1.67090241893925,-0.123770549551055,-0.123770549551055,1.42336131983713,-0.123770549551055,1.42336131983713,-0.123770549551055,1.42336131983713,-0.123770549551055,1.42336131983713,-0.123770549551055,-0.123770549551055,-0.123770549551055,-0.123770549551055,-0.123770549551055,1.42336131983713,-0.123770549551055,-0.123770549551055,-1.67090241893925,-0.123770549551055,-0.123770549551055,-0.123770549551055,-0.123770549551055,1.42336131983713,1.42336131983713,1.42336131983713,-0.123770549551055,1.42336131983713,-0.123770549551055,-0.123770549551055,-0.123770549551055,1.42336131983713,-0.123770549551055,-0.123770549551055,1.42336131983713,-0.123770549551055
0.838087091284808,0.838087091284808,-0.0394910147725825,-0.478280067801278,-1.35585817385867,-1.35585817385867,-0.0394910147725825,-0.917069120829973,-1.35585817385867,0.838087091284808,-1.35585817385867,-0.478280067801278,0.399298038256113,-1.35585817385867,-1.35585817385867,0.399298038256113,-1.35585817385867,0.399298038256113,0.838087091284808,-0.478280067801278,0.838087091284808,-1.35585817385867,-0.917069120829973,-0.0394910147725825,0.838087091284808,0.838087091284808,-0.478280067801278,-1.35585817385867,-0.0394910147725825,-1.35585817385867,0.838087091284808,0.399298038256113,1.27687614431350,1.27687614431350,-1.35585817385867,0.838087091284808,0.399298038256113,0.399298038256113,-0.0394910147725825,0.838087091284808,-1.35585817385867,-1.35585817385867,-0.917069120829973,-0.917069120829973,-0.917069120829973,-0.917069120829973,-1.35585817385867,-1.35585817385867,-1.35585817385867,-1.35585817385867,-1.35585817385867,-1.35585817385867,1.27687614431350,0.838087091284808,0.838087091284808,-1.35585817385867,1.27687614431350,0.399298038256113,0.838087091284808,0.838087091284808,0.399298038256113,0.399298038256113,-1.35585817385867,-0.917069120829973,-1.35585817385867,0.838087091284808,-1.35585817385867,1.27687614431350,1.27687614431350,1.27687614431350,1.27687614431350,0.838087091284808,0.838087091284808,-0.0394910147725825,0.838087091284808,-1.35585817385867,-0.0394910147725825,1.27687614431350,0.838087091284808,0.399298038256113,0.399298038256113,0.838087091284808,-1.35585817385867,0.838087091284808,0.399298038256113,1.27687614431350,0.838087091284808,0.399298038256113,0.838087091284808,0.838087091284808,1.27687614431350,-0.0394910147725825,-0.0394910147725825,1.27687614431350,1.27687614431350,1.27687614431350,-0.917069120829973,-1.35585817385867,1.27687614431350,0.399298038256113
0.829156197588850,-0.829156197588850,-0.414578098794425,-0.414578098794425,-1.65831239517770,-1.65831239517770,-0.829156197588850,-0.829156197588850,-1.24373429638328,0.829156197588850,0,0.829156197588850,0.829156197588850,-2.07289049397212,-1.24373429638328,0.829156197588850,-1.65831239517770,0.414578098794425,0.829156197588850,0.414578098794425,0.829156197588850,-0.829156197588850,0.414578098794425,0,0,0.829156197588850,-1.24373429638328,0,0,-2.07289049397212,-0.414578098794425,-0.829156197588850,0.414578098794425,0.829156197588850,-1.65831239517770,0.829156197588850,0.829156197588850,0.829156197588850,-0.829156197588850,0.829156197588850,-0.414578098794425,-1.65831239517770,-1.65831239517770,-1.24373429638328,-1.24373429638328,0.414578098794425,0.829156197588850,-0.414578098794425,-1.65831239517770,-1.65831239517770,-1.24373429638328,-1.65831239517770,0.829156197588850,0.829156197588850,0.829156197588850,-1.65831239517770,0.414578098794425,0.829156197588850,0.829156197588850,0.829156197588850,0.829156197588850,0.829156197588850,0.829156197588850,0.414578098794425,-2.48746859276655,0.829156197588850,-1.24373429638328,0.829156197588850,0.829156197588850,0.829156197588850,0.414578098794425,0.829156197588850,0.829156197588850,0.829156197588850,0.829156197588850,-0.414578098794425,0.829156197588850,0.829156197588850,0.829156197588850,0.829156197588850,0.829156197588850,0.829156197588850,-1.65831239517770,0.414578098794425,-1.24373429638328,0.829156197588850,0.829156197588850,0.829156197588850,0.414578098794425,0.829156197588850,0.829156197588850,0.829156197588850,0.829156197588850,0.829156197588850,0.829156197588850,0,-0.414578098794425,-1.24373429638328,0.829156197588850,0.829156197588850
-0.240941951570315,-1.03525607762630,1.08291492518966,-1.03525607762630,-1.03525607762630,-1.03525607762630,-1.03525607762630,-1.03525607762630,-1.03525607762630,1.08291492518966,-1.03525607762630,-0.770484702274304,0.553372174485668,-1.03525607762630,-1.03525607762630,-0.770484702274304,-0.770484702274304,1.08291492518966,1.08291492518966,1.08291492518966,-0.770484702274304,-1.03525607762630,-1.03525607762630,1.08291492518966,1.08291492518966,1.08291492518966,-0.770484702274304,-1.03525607762630,-0.770484702274304,-1.03525607762630,-0.240941951570315,-1.03525607762630,1.08291492518966,1.08291492518966,-1.03525607762630,-0.505713326922309,1.08291492518966,1.08291492518966,1.08291492518966,1.08291492518966,-1.03525607762630,-1.03525607762630,-0.770484702274304,-1.03525607762630,-1.03525607762630,-0.770484702274304,-1.03525607762630,-1.03525607762630,-1.03525607762630,-1.03525607762630,-1.03525607762630,-1.03525607762630,1.08291492518966,1.08291492518966,1.08291492518966,-1.03525607762630,-1.03525607762630,-1.03525607762630,0.818143549837663,1.08291492518966,-0.770484702274304,1.08291492518966,-0.770484702274304,-0.770484702274304,-1.03525607762630,1.08291492518966,-1.03525607762630,1.08291492518966,1.08291492518966,1.08291492518966,1.08291492518966,-0.240941951570315,1.08291492518966,-0.505713326922309,1.08291492518966,-1.03525607762630,1.08291492518966,1.08291492518966,-1.03525607762630,1.08291492518966,1.08291492518966,0.818143549837663,-1.03525607762630,1.08291492518966,-1.03525607762630,-0.240941951570315,1.08291492518966,1.08291492518966,1.08291492518966,1.08291492518966,1.08291492518966,1.08291492518966,1.08291492518966,1.08291492518966,1.08291492518966,1.08291492518966,-1.03525607762630,-1.03525607762630,1.08291492518966,1.08291492518966
-0.187578897191812,0.720060927929860,0.720060927929860,-1.09521872231348,-1.39776533068738,-1.39776533068738,0.720060927929860,-1.39776533068738,-1.70031193906127,0.114967711182078,-1.70031193906127,-0.490125505565703,0.114967711182078,-1.39776533068738,-1.70031193906127,0.720060927929860,0.417514319555969,-0.490125505565703,0.720060927929860,0.720060927929860,0.720060927929860,-1.39776533068738,0.417514319555969,0.720060927929860,0.720060927929860,0.720060927929860,-1.70031193906127,-1.70031193906127,0.720060927929860,-1.70031193906127,0.417514319555969,0.114967711182078,0.417514319555969,0.417514319555969,-1.39776533068738,0.720060927929860,0.720060927929860,0.720060927929860,0.720060927929860,0.720060927929860,-1.09521872231348,-1.70031193906127,0.720060927929860,-0.187578897191812,-1.70031193906127,0.720060927929860,0.720060927929860,-1.39776533068738,-1.70031193906127,-1.70031193906127,-1.39776533068738,-1.09521872231348,0.720060927929860,0.720060927929860,0.720060927929860,-1.70031193906127,0.720060927929860,0.720060927929860,0.720060927929860,0.720060927929860,0.720060927929860,0.720060927929860,0.720060927929860,-1.70031193906127,-1.09521872231348,0.720060927929860,-1.70031193906127,0.720060927929860,0.720060927929860,0.720060927929860,0.720060927929860,0.720060927929860,0.720060927929860,0.720060927929860,0.720060927929860,-1.09521872231348,-1.39776533068738,0.720060927929860,0.720060927929860,0.720060927929860,0.720060927929860,0.720060927929860,-1.70031193906127,0.720060927929860,-1.70031193906127,0.720060927929860,0.720060927929860,0.720060927929860,0.720060927929860,0.720060927929860,0.720060927929860,0.720060927929860,0.720060927929860,0.720060927929860,0.720060927929860,0.720060927929860,0.720060927929860,0.720060927929860,0.720060927929860,0.720060927929860
0.361089798140476,-1.40895823195990,0.00708019212040135,1.06910901018063,-1.40895823195990,-1.05494862593982,-1.05494862593982,-1.05494862593982,-0.700939019919749,1.06910901018063,-1.76296783797997,-1.40895823195990,1.06910901018063,-1.76296783797997,1.06910901018063,1.06910901018063,-1.05494862593982,-0.700939019919749,0.715099404160551,0.361089798140476,1.06910901018063,-1.76296783797997,0.00708019212040135,0.00708019212040135,1.06910901018063,0.00708019212040135,-1.40895823195990,-1.40895823195990,0.00708019212040135,-1.40895823195990,0.361089798140476,0.715099404160551,0.715099404160551,1.06910901018063,-1.05494862593982,-1.40895823195990,1.06910901018063,1.06910901018063,-0.346929413899674,0.715099404160551,-1.40895823195990,-1.40895823195990,-0.700939019919749,-0.346929413899674,-1.40895823195990,-1.40895823195990,-1.40895823195990,-1.05494862593982,-1.76296783797997,0.715099404160551,0.361089798140476,-1.76296783797997,0.715099404160551,1.06910901018063,0.00708019212040135,0.715099404160551,1.06910901018063,0.361089798140476,-1.05494862593982,0.715099404160551,0.361089798140476,1.06910901018063,-1.05494862593982,0.715099404160551,-1.05494862593982,1.06910901018063,-0.346929413899674,0.361089798140476,1.06910901018063,1.06910901018063,1.06910901018063,0.00708019212040135,1.06910901018063,-0.700939019919749,1.06910901018063,-1.76296783797997,1.06910901018063,0.361089798140476,0.715099404160551,0.715099404160551,0.00708019212040135,1.06910901018063,-1.05494862593982,-0.346929413899674,0.715099404160551,0.715099404160551,1.06910901018063,0.715099404160551,1.06910901018063,1.06910901018063,1.06910901018063,1.06910901018063,0.361089798140476,1.06910901018063,0.715099404160551,-0.346929413899674,-1.40895823195990,-0.346929413899674,0.715099404160551,0.715099404160551
0.642296299761366,-0.877931628667902,0.262239317654049,-0.117817664453268,-0.877931628667902,-1.63804559288254,0.642296299761366,-1.25798861077522,-1.63804559288254,1.02235328186868,-0.117817664453268,0.262239317654049,1.02235328186868,-1.25798861077522,-2.01810257498985,0.642296299761366,0.642296299761366,1.02235328186868,0.642296299761366,-0.877931628667902,1.02235328186868,-1.25798861077522,0.642296299761366,1.02235328186868,1.02235328186868,0.642296299761366,-1.63804559288254,-1.63804559288254,-0.497874646560585,-1.25798861077522,-0.117817664453268,-1.25798861077522,0.642296299761366,-0.497874646560585,-2.01810257498985,-0.117817664453268,0.262239317654049,-0.117817664453268,0.642296299761366,0.642296299761366,-0.877931628667902,-1.25798861077522,-0.877931628667902,1.02235328186868,-0.117817664453268,0.642296299761366,-2.01810257498985,0.262239317654049,-0.877931628667902,-1.25798861077522,-0.497874646560585,-0.877931628667902,1.02235328186868,1.02235328186868,1.02235328186868,-2.01810257498985,1.02235328186868,0.642296299761366,1.02235328186868,1.02235328186868,-0.497874646560585,0.642296299761366,0.262239317654049,-0.117817664453268,-1.63804559288254,-1.25798861077522,-0.877931628667902,0.262239317654049,0.642296299761366,1.02235328186868,1.02235328186868,0.642296299761366,1.02235328186868,1.02235328186868,0.642296299761366,-1.63804559288254,-1.25798861077522,1.02235328186868,-0.877931628667902,1.02235328186868,1.02235328186868,0.642296299761366,-2.01810257498985,-0.117817664453268,-0.497874646560585,0.642296299761366,1.02235328186868,0.642296299761366,1.02235328186868,1.02235328186868,1.02235328186868,-0.117817664453268,1.02235328186868,0.642296299761366,0.642296299761366,1.02235328186868,-1.25798861077522,0.262239317654049,1.02235328186868,1.02235328186868
0.392110415127942,-0.712425965514148,0.944378605448986,-1.26469415583519,-1.26469415583519,-1.26469415583519,0.668244510288464,-0.436291870353625,-1.26469415583519,0.944378605448986,-1.26469415583519,-1.26469415583519,-0.988560060674670,-1.26469415583519,-1.26469415583519,0.944378605448986,-0.988560060674670,0.944378605448986,-1.26469415583519,0.944378605448986,0.944378605448986,-1.26469415583519,0.944378605448986,-0.160157775193103,0.944378605448986,-0.988560060674670,0.944378605448986,-1.26469415583519,-0.160157775193103,-1.26469415583519,0.668244510288464,0.668244510288464,0.944378605448986,-1.26469415583519,-1.26469415583519,-0.988560060674670,0.944378605448986,0.944378605448986,0.668244510288464,0.944378605448986,-0.988560060674670,-1.26469415583519,-0.988560060674670,-1.26469415583519,-0.988560060674670,0.944378605448986,-1.26469415583519,-0.988560060674670,-1.26469415583519,-1.26469415583519,-1.26469415583519,-1.26469415583519,0.944378605448986,0.944378605448986,0.668244510288464,-1.26469415583519,0.944378605448986,0.944378605448986,0.944378605448986,0.944378605448986,0.115976319967419,0.944378605448986,-1.26469415583519,-0.988560060674670,-0.988560060674670,0.944378605448986,-0.988560060674670,0.944378605448986,0.944378605448986,0.944378605448986,0.944378605448986,0.944378605448986,0.668244510288464,-0.988560060674670,0.944378605448986,0.668244510288464,0.944378605448986,0.944378605448986,0.944378605448986,0.944378605448986,-0.988560060674670,0.944378605448986,-1.26469415583519,0.668244510288464,-1.26469415583519,0.944378605448986,0.944378605448986,0.944378605448986,0.944378605448986,0.944378605448986,0.668244510288464,0.668244510288464,0.944378605448986,0.944378605448986,0.668244510288464,0.944378605448986,-0.988560060674670,-1.26469415583519,0.944378605448986,0.668244510288464
-0.327326835353989,0.654653670707977,0.327326835353989,0,0,-1.96396101212393,-1.96396101212393,0,-1.30930734141595,0.654653670707977,-1.30930734141595,0.654653670707977,0.654653670707977,0,-1.96396101212393,0.654653670707977,-0.327326835353989,0.654653670707977,0.654653670707977,0.654653670707977,0.654653670707977,-1.96396101212393,0.654653670707977,0.654653670707977,0.654653670707977,0.654653670707977,0.654653670707977,-1.96396101212393,-0.327326835353989,-1.96396101212393,-0.327326835353989,0.654653670707977,0.654653670707977,0.654653670707977,-1.96396101212393,0.654653670707977,0.654653670707977,0.654653670707977,0.654653670707977,0.654653670707977,0,-0.654653670707977,-1.30930734141595,-1.63663417676994,-1.96396101212393,0.654653670707977,-1.96396101212393,-1.96396101212393,-1.63663417676994,0,-0.654653670707977,-1.96396101212393,0.654653670707977,0.654653670707977,0.654653670707977,-1.96396101212393,0.654653670707977,0.654653670707977,0.654653670707977,0.654653670707977,0.654653670707977,0.654653670707977,0.654653670707977,0.654653670707977,-1.96396101212393,0.654653670707977,-0.654653670707977,0.654653670707977,0.654653670707977,0.654653670707977,0.654653670707977,0.654653670707977,0.654653670707977,0.654653670707977,0.654653670707977,-0.327326835353989,0.654653670707977,0.654653670707977,0.654653670707977,0.654653670707977,0.654653670707977,0.654653670707977,-1.96396101212393,0.654653670707977,-1.96396101212393,0.654653670707977,0.654653670707977,0.654653670707977,0.654653670707977,0.654653670707977,0.654653670707977,0.654653670707977,0.654653670707977,0.654653670707977,0.654653670707977,0.654653670707977,0,-1.30930734141595,0.654653670707977,0.654653670707977
-1.12046605555644,-0.299611802401540,-0.299611802401540,0.110815324175912,-1.53089318213390,-1.12046605555644,-0.299611802401540,0.931669577330816,-1.12046605555644,0.931669577330816,-1.53089318213390,0.931669577330816,-0.710038928978992,-0.710038928978992,-2.35174743528880,-0.710038928978992,-0.710038928978992,0.931669577330816,0.521242450753364,0.931669577330816,-0.299611802401540,-1.12046605555644,0.931669577330816,-0.299611802401540,0.931669577330816,-0.710038928978992,0.110815324175912,-1.53089318213390,0.110815324175912,-1.12046605555644,0.110815324175912,0.521242450753364,0.931669577330816,-0.299611802401540,-2.35174743528880,0.521242450753364,0.931669577330816,0.521242450753364,0.521242450753364,0.521242450753364,0.521242450753364,-0.299611802401540,-1.94132030871135,-0.299611802401540,-1.12046605555644,0.931669577330816,-0.710038928978992,-0.710038928978992,-0.710038928978992,-0.299611802401540,-0.299611802401540,-2.35174743528880,0.931669577330816,0.521242450753364,0.931669577330816,-1.94132030871135,0.931669577330816,-0.299611802401540,0.931669577330816,0.521242450753364,0.931669577330816,0.931669577330816,0.931669577330816,-1.53089318213390,-1.12046605555644,0.931669577330816,-0.710038928978992,0.931669577330816,0.931669577330816,0.931669577330816,0.931669577330816,0.931669577330816,0.521242450753364,0.931669577330816,0.931669577330816,0.521242450753364,-0.299611802401540,0.931669577330816,0.521242450753364,0.931669577330816,0.110815324175912,-0.299611802401540,-2.35174743528880,0.931669577330816,-2.35174743528880,0.931669577330816,-0.299611802401540,0.931669577330816,0.931669577330816,0.931669577330816,0.931669577330816,0.521242450753364,0.931669577330816,0.521242450753364,0.931669577330816,0.521242450753364,-1.12046605555644,-1.53089318213390,0.931669577330816,0.931669577330816
0.0125616109941460,-1.24359948842046,0.326601885847797,-1.24359948842046,0.0125616109941460,-1.24359948842046,-1.24359948842046,-1.24359948842046,-1.55763976327411,0.954682435555098,-1.55763976327411,0.0125616109941460,0.0125616109941460,-1.24359948842046,-1.55763976327411,0.954682435555098,0.0125616109941460,0.954682435555098,0.954682435555098,0.640642160701447,-0.301478663859504,-1.55763976327411,0.0125616109941460,0.954682435555098,0.954682435555098,0.954682435555098,0.326601885847797,-1.55763976327411,-0.301478663859504,-1.24359948842046,0.0125616109941460,0.640642160701447,0.954682435555098,0.640642160701447,-1.24359948842046,0.640642160701447,0.954682435555098,0.954682435555098,0.0125616109941460,0.954682435555098,-1.55763976327411,-1.24359948842046,-1.24359948842046,-0.301478663859504,-1.55763976327411,0.640642160701447,-0.301478663859504,-1.24359948842046,-1.55763976327411,-1.24359948842046,-1.55763976327411,-1.24359948842046,0.954682435555098,0.954682435555098,0.640642160701447,-1.24359948842046,0.954682435555098,-1.24359948842046,0.640642160701447,0.954682435555098,0.0125616109941460,0.0125616109941460,0.954682435555098,-1.24359948842046,-1.24359948842046,0.954682435555098,-1.55763976327411,0.954682435555098,0.954682435555098,0.954682435555098,0.954682435555098,0.954682435555098,0.954682435555098,-1.24359948842046,0.954682435555098,0.326601885847797,-1.24359948842046,0.954682435555098,0.326601885847797,0.954682435555098,0.954682435555098,0.0125616109941460,-1.55763976327411,0.954682435555098,-1.55763976327411,0.954682435555098,0.954682435555098,0.954682435555098,0.954682435555098,0.640642160701447,0.954682435555098,0.954682435555098,0.640642160701447,0.954682435555098,0.954682435555098,0.954682435555098,-0.615518938713155,-0.301478663859504,0.954682435555098,0.954682435555098
-2.22616265656843,0.596230568874904,0.596230568874904,-2.22616265656843,-0.109367737485929,-0.109367737485929,-1.52056435020759,-0.814966043846762,-0.109367737485929,0.596230568874904,-1.87336350338801,0.243431415694488,0.596230568874904,-1.87336350338801,-2.22616265656843,-0.462166890666345,0.596230568874904,-0.462166890666345,0.596230568874904,0.243431415694488,0.596230568874904,-2.22616265656843,0.596230568874904,0.596230568874904,0.596230568874904,0.596230568874904,0.596230568874904,-2.22616265656843,0.596230568874904,-1.52056435020759,-1.16776519702718,0.596230568874904,0.596230568874904,0.596230568874904,-2.22616265656843,-0.109367737485929,0.596230568874904,0.243431415694488,-1.87336350338801,0.596230568874904,0.596230568874904,-2.22616265656843,0.243431415694488,0.243431415694488,-0.109367737485929,0.596230568874904,-1.52056435020759,-1.87336350338801,-2.22616265656843,0.596230568874904,0.243431415694488,-2.22616265656843,0.596230568874904,0.596230568874904,0.596230568874904,-1.87336350338801,0.596230568874904,0.596230568874904,0.596230568874904,0.596230568874904,0.596230568874904,0.596230568874904,0.596230568874904,-0.462166890666345,0.596230568874904,0.596230568874904,-0.462166890666345,0.596230568874904,0.596230568874904,0.596230568874904,0.596230568874904,0.596230568874904,0.596230568874904,0.596230568874904,0.596230568874904,0.596230568874904,0.596230568874904,0.596230568874904,0.596230568874904,0.596230568874904,0.596230568874904,0.596230568874904,-1.87336350338801,0.596230568874904,0.596230568874904,0.596230568874904,0.596230568874904,0.596230568874904,0.596230568874904,0.596230568874904,0.596230568874904,0.596230568874904,0.596230568874904,0.596230568874904,0.596230568874904,0.596230568874904,0.596230568874904,0.596230568874904,0.596230568874904,0.596230568874904
-1.45394420252118,-1.45394420252118,-0.184123938310543,-1.45394420252118,-1.77139926857384,-1.45394420252118,0.768241259847436,0.450786193794777,-1.45394420252118,0.768241259847436,-1.45394420252118,-0.501579004363202,0.133331127742117,-1.77139926857384,-1.77139926857384,0.768241259847436,-1.45394420252118,-0.184123938310543,0.768241259847436,0.450786193794777,0.768241259847436,-1.77139926857384,0.450786193794777,0.450786193794777,0.768241259847436,0.450786193794777,0.133331127742117,-1.45394420252118,0.133331127742117,-1.45394420252118,-1.45394420252118,0.768241259847436,0.768241259847436,-0.819034070415862,-1.13648913646852,0.768241259847436,0.768241259847436,0.768241259847436,0.450786193794777,0.768241259847436,-1.13648913646852,-1.77139926857384,-1.77139926857384,-0.501579004363202,-1.77139926857384,0.450786193794777,-1.13648913646852,-1.77139926857384,-0.501579004363202,-0.501579004363202,-0.501579004363202,-1.45394420252118,0.768241259847436,0.768241259847436,0.768241259847436,-0.501579004363202,0.768241259847436,0.768241259847436,0.768241259847436,0.768241259847436,0.768241259847436,0.768241259847436,0.768241259847436,-0.184123938310543,-1.77139926857384,0.768241259847436,0.450786193794777,0.768241259847436,0.768241259847436,0.768241259847436,0.768241259847436,0.768241259847436,0.768241259847436,0.768241259847436,0.768241259847436,0.768241259847436,0.768241259847436,0.768241259847436,0.768241259847436,0.768241259847436,0.768241259847436,0.768241259847436,-1.77139926857384,0.768241259847436,0.768241259847436,0.768241259847436,0.768241259847436,0.768241259847436,0.768241259847436,0.768241259847436,0.768241259847436,0.768241259847436,0.768241259847436,0.768241259847436,0.768241259847436,0.768241259847436,-1.45394420252118,-1.77139926857384,0.768241259847436,0.768241259847436
0.548307749039089,-1.56056820880356,-0.958032220848519,0.247039755061568,-1.25930021482604,-1.56056820880356,0.247039755061568,-1.25930021482604,-1.25930021482604,0.548307749039089,-1.56056820880356,0.849575743016611,-1.56056820880356,-1.25930021482604,-1.56056820880356,-0.958032220848519,-1.56056820880356,0.849575743016611,0.849575743016611,0.548307749039089,0.849575743016611,-0.656764226870997,0.247039755061568,0.849575743016611,0.849575743016611,0.849575743016611,-1.25930021482604,-0.958032220848519,0.849575743016611,-1.56056820880356,0.548307749039089,0.849575743016611,0.849575743016611,0.849575743016611,-1.56056820880356,0.548307749039089,0.849575743016611,0.849575743016611,0.849575743016611,0.849575743016611,0.548307749039089,-1.56056820880356,-1.25930021482604,-0.656764226870997,-1.56056820880356,-0.0542282389159538,-0.355496232893475,-1.25930021482604,-1.25930021482604,0.548307749039089,-1.56056820880356,-1.56056820880356,0.849575743016611,0.849575743016611,0.849575743016611,-0.958032220848519,0.849575743016611,-1.56056820880356,0.548307749039089,0.849575743016611,-0.0542282389159538,0.849575743016611,0.849575743016611,-0.355496232893475,-1.56056820880356,0.849575743016611,-1.25930021482604,0.849575743016611,0.849575743016611,0.849575743016611,0.849575743016611,0.548307749039089,0.849575743016611,0.247039755061568,0.849575743016611,-0.0542282389159538,-1.56056820880356,0.849575743016611,0.548307749039089,0.849575743016611,0.247039755061568,0.849575743016611,-1.56056820880356,0.849575743016611,-1.56056820880356,0.849575743016611,0.849575743016611,0.849575743016611,0.849575743016611,0.849575743016611,0.849575743016611,0.548307749039089,0.849575743016611,0.849575743016611,0.849575743016611,0.849575743016611,-0.0542282389159538,-1.56056820880356,0.849575743016611,0.849575743016611
-1.20139771158640,-0.615350047397910,0.556745280979062,-0.908373879492153,-1.49442154368064,-1.49442154368064,-1.49442154368064,-1.20139771158640,-1.49442154368064,0.849769113073305,-1.20139771158640,0.263721448884819,0.849769113073305,-1.49442154368064,-1.49442154368064,-0.908373879492153,0.556745280979062,0.263721448884819,0.556745280979062,0.849769113073305,0.849769113073305,-1.49442154368064,0.849769113073305,0.556745280979062,0.849769113073305,0.849769113073305,-0.0293023832094242,-1.49442154368064,0.849769113073305,-1.49442154368064,-1.20139771158640,0.849769113073305,0.849769113073305,-1.49442154368064,-1.20139771158640,-0.322326215303667,0.849769113073305,0.849769113073305,-1.49442154368064,0.849769113073305,-1.49442154368064,-1.49442154368064,-1.49442154368064,-0.908373879492153,-1.49442154368064,-1.20139771158640,-1.20139771158640,-1.49442154368064,-1.49442154368064,0.849769113073305,0.263721448884819,-0.908373879492153,0.849769113073305,0.849769113073305,0.849769113073305,-1.49442154368064,0.849769113073305,0.263721448884819,0.849769113073305,0.849769113073305,0.849769113073305,0.263721448884819,0.849769113073305,-0.908373879492153,-1.49442154368064,0.849769113073305,-1.49442154368064,0.849769113073305,0.849769113073305,0.849769113073305,0.849769113073305,0.556745280979062,0.849769113073305,0.849769113073305,0.849769113073305,0.849769113073305,0.263721448884819,0.849769113073305,0.849769113073305,0.556745280979062,0.849769113073305,0.849769113073305,-1.49442154368064,0.556745280979062,-0.322326215303667,0.849769113073305,0.849769113073305,0.849769113073305,0.849769113073305,0.849769113073305,0.849769113073305,0.849769113073305,0.556745280979062,0.849769113073305,0.849769113073305,0.849769113073305,0.263721448884819,-0.615350047397910,0.849769113073305,0.849769113073305
0.136386409182159,-1.22747768263943,1.04562913706322,0.136386409182159,-1.22747768263943,-0.772856318698902,-0.772856318698902,-1.22747768263943,-1.22747768263943,0.591007773122690,-0.318234954758371,-0.318234954758371,-0.318234954758371,-1.22747768263943,-0.772856318698902,-1.22747768263943,-1.22747768263943,0.136386409182159,-1.22747768263943,0.591007773122690,1.50025050100375,-0.772856318698902,0.136386409182159,-0.772856318698902,1.04562913706322,0.136386409182159,-1.68209904657996,-1.22747768263943,1.04562913706322,-1.22747768263943,1.04562913706322,0.136386409182159,-0.318234954758371,1.04562913706322,-0.772856318698902,-1.22747768263943,0.591007773122690,1.50025050100375,-0.318234954758371,1.04562913706322,-0.318234954758371,-1.22747768263943,-1.22747768263943,0.591007773122690,-1.22747768263943,-0.318234954758371,-1.22747768263943,-0.772856318698902,-1.22747768263943,1.04562913706322,-0.318234954758371,-1.68209904657996,1.04562913706322,0.591007773122690,1.04562913706322,-1.68209904657996,0.591007773122690,-1.68209904657996,0.136386409182159,-1.22747768263943,-0.772856318698902,1.04562913706322,-0.318234954758371,0.591007773122690,0.136386409182159,1.04562913706322,-1.22747768263943,0.591007773122690,1.04562913706322,1.50025050100375,1.50025050100375,1.04562913706322,1.04562913706322,-0.772856318698902,0.136386409182159,0.591007773122690,0.136386409182159,1.50025050100375,-1.22747768263943,0.591007773122690,0.136386409182159,1.04562913706322,-1.22747768263943,0.136386409182159,-1.68209904657996,1.50025050100375,1.50025050100375,1.50025050100375,0.591007773122690,1.50025050100375,0.136386409182159,0.591007773122690,1.04562913706322,1.04562913706322,1.04562913706322,1.04562913706322,-1.22747768263943,0.136386409182159,1.04562913706322,0.591007773122690
-0.114905827721480,-0.511132819864515,0.677548156564590,-1.69981379629362,-0.511132819864515,-1.69981379629362,0.281321164421555,-0.511132819864515,0.281321164421555,0.677548156564590,-0.114905827721480,0.677548156564590,-0.114905827721480,-1.69981379629362,-2.49226778057969,0.677548156564590,0.281321164421555,0.677548156564590,0.677548156564590,0.677548156564590,0.677548156564590,-2.09604078843665,0.677548156564590,-0.114905827721480,0.677548156564590,0.677548156564590,0.677548156564590,-2.49226778057969,0.677548156564590,-2.09604078843665,0.281321164421555,0.677548156564590,0.677548156564590,0.677548156564590,-2.09604078843665,-0.114905827721480,0.677548156564590,0.677548156564590,0.677548156564590,0.677548156564590,-0.114905827721480,-1.69981379629362,-2.49226778057969,-1.69981379629362,-1.30358680415058,0.677548156564590,-0.511132819864515,-2.09604078843665,-1.30358680415058,-0.114905827721480,0.281321164421555,-0.511132819864515,0.677548156564590,0.677548156564590,0.677548156564590,-1.30358680415058,0.677548156564590,-0.511132819864515,0.677548156564590,0.677548156564590,0.677548156564590,0.677548156564590,0.677548156564590,-0.511132819864515,-2.09604078843665,0.677548156564590,-0.114905827721480,0.677548156564590,0.677548156564590,0.677548156564590,0.677548156564590,0.281321164421555,0.677548156564590,0.281321164421555,0.677548156564590,0.677548156564590,0.281321164421555,0.677548156564590,0.677548156564590,0.677548156564590,0.677548156564590,-0.511132819864515,-2.49226778057969,0.677548156564590,0.281321164421555,0.677548156564590,0.677548156564590,0.281321164421555,0.677548156564590,0.677548156564590,0.677548156564590,0.677548156564590,0.677548156564590,0.677548156564590,0.677548156564590,0.677548156564590,-0.114905827721480,-2.09604078843665,0.677548156564590,0.677548156564590
0.722714046638953,0.722714046638953,0.722714046638953,-0.415418310272784,-0.415418310272784,-1.55355066718452,0.722714046638953,0.722714046638953,-1.55355066718452,0.722714046638953,-1.55355066718452,0.722714046638953,0.722714046638953,-1.55355066718452,-1.55355066718452,0.153647868183084,-0.130885221044850,0.722714046638953,0.722714046638953,-1.55355066718452,0.722714046638953,-1.55355066718452,0.722714046638953,0.722714046638953,0.722714046638953,0.722714046638953,-1.26901757795659,-1.55355066718452,0.722714046638953,-1.55355066718452,0.722714046638953,0.722714046638953,0.722714046638953,-0.130885221044850,-1.55355066718452,0.722714046638953,0.722714046638953,0.722714046638953,-0.415418310272784,0.722714046638953,0.153647868183084,-1.55355066718452,-1.55355066718452,-1.55355066718452,-0.984484488728652,0.722714046638953,0.722714046638953,0.153647868183084,-1.55355066718452,-1.55355066718452,-1.55355066718452,-1.55355066718452,0.722714046638953,0.722714046638953,0.722714046638953,-1.55355066718452,0.722714046638953,0.722714046638953,0.722714046638953,0.722714046638953,0.153647868183084,0.722714046638953,0.722714046638953,-1.55355066718452,-1.55355066718452,0.722714046638953,-1.55355066718452,0.722714046638953,0.722714046638953,0.722714046638953,0.722714046638953,0.722714046638953,0.722714046638953,0.438180957411019,0.722714046638953,0.722714046638953,-1.55355066718452,0.722714046638953,0.722714046638953,0.722714046638953,-1.55355066718452,0.722714046638953,-1.55355066718452,0.722714046638953,-1.55355066718452,0.722714046638953,0.722714046638953,0.722714046638953,0.722714046638953,0.722714046638953,0.722714046638953,0.722714046638953,0.722714046638953,0.722714046638953,0.722714046638953,0.722714046638953,-1.55355066718452,-0.984484488728652,0.722714046638953,0.722714046638953
