1.21306687537656,-0.831427858404162,0.531568630782989,-0.149929613810586,-1.51292610299774,-0.831427858404162,-0.149929613810586,-0.149929613810586,-0.831427858404162,0.531568630782989,-0.831427858404162,0.531568630782989,1.21306687537656,-0.831427858404162,-0.831427858404162,-0.149929613810586,-1.51292610299774,1.21306687537656,-0.831427858404162,1.21306687537656,-0.831427858404162,-0.149929613810586,-0.831427858404162,0.531568630782989,1.21306687537656,-1.51292610299774,0.531568630782989,-2.19442434759131,-0.149929613810586,1.21306687537656,0.531568630782989,-0.149929613810586,-0.831427858404162,-0.149929613810586,-1.51292610299774,-0.149929613810586,-1.51292610299774,0.531568630782989,-0.831427858404162,1.89456511997014,-0.831427858404162,-0.149929613810586,-0.149929613810586,1.89456511997014,-0.149929613810586,1.21306687537656,1.21306687537656,1.21306687537656,-0.149929613810586,-1.51292610299774,0.531568630782989,-0.149929613810586,-0.831427858404162,-0.831427858404162,-0.149929613810586,-1.51292610299774,0.531568630782989,1.21306687537656,-0.149929613810586,1.89456511997014,-0.149929613810586,1.21306687537656,-0.831427858404162,-0.831427858404162,0.531568630782989,0.531568630782989,-1.51292610299774,1.21306687537656,-0.149929613810586,1.21306687537656,0.531568630782989,-0.831427858404162,-0.831427858404162,0.531568630782989,-1.51292610299774,-0.831427858404162,-0.831427858404162,1.89456511997014,-0.149929613810586,-0.149929613810586,-0.149929613810586,-1.51292610299774,0.531568630782989,0.531568630782989,0.531568630782989,-0.831427858404162,0.531568630782989,-0.149929613810586,-0.149929613810586,-0.149929613810586,1.89456511997014,-0.831427858404162,-0.831427858404162,1.89456511997014,1.21306687537656,-0.149929613810586,-0.149929613810586,-0.831427858404162,1.89456511997014,1.89456511997014
-0.924523726961659,-0.488427629338235,-0.488427629338235,-1.79671592220851,-1.36061982458508,-0.924523726961659,-0.924523726961659,-0.488427629338235,-1.79671592220851,1.25595676115546,-0.924523726961659,0.819860663532037,1.25595676115546,-0.488427629338235,-1.79671592220851,-0.924523726961659,-0.924523726961659,0.819860663532037,-0.488427629338235,-0.0523315317148109,1.25595676115546,-0.924523726961659,0.383764565908613,-0.0523315317148109,0.383764565908613,0.819860663532037,-0.924523726961659,-1.79671592220851,-1.36061982458508,-1.79671592220851,-0.924523726961659,-0.488427629338235,0.819860663532037,-0.0523315317148109,-0.924523726961659,0.819860663532037,0.819860663532037,0.819860663532037,-0.0523315317148109,0.819860663532037,0.383764565908613,-1.79671592220851,-1.79671592220851,-0.924523726961659,0.819860663532037,-0.488427629338235,-0.924523726961659,-0.924523726961659,-1.79671592220851,0.383764565908613,-0.924523726961659,-0.488427629338235,1.25595676115546,0.819860663532037,0.819860663532037,-0.0523315317148109,1.25595676115546,-0.0523315317148109,0.819860663532037,0.383764565908613,0.819860663532037,-0.488427629338235,-0.488427629338235,-0.924523726961659,-1.79671592220851,1.25595676115546,-1.36061982458508,1.25595676115546,0.819860663532037,1.25595676115546,1.25595676115546,0.819860663532037,1.25595676115546,0.819860663532037,0.819860663532037,-0.488427629338235,-0.924523726961659,1.25595676115546,0.383764565908613,1.25595676115546,0.383764565908613,0.383764565908613,-1.79671592220851,0.383764565908613,-0.0523315317148109,0.819860663532037,0.819860663532037,0.819860663532037,1.25595676115546,0.819860663532037,0.819860663532037,0.819860663532037,0.819860663532037,1.25595676115546,0.819860663532037,0.819860663532037,-0.924523726961659,-0.924523726961659,1.25595676115546,0.819860663532037
0.304660874180712,-0.0455240386706811,0.654845787032106,-1.79644860292765,-1.79644860292765,-1.79644860292765,0.654845787032106,-2.14663351577904,-0.745893864373468,0.654845787032106,-0.745893864373468,0.654845787032106,0.654845787032106,0.654845787032106,-2.14663351577904,0.654845787032106,-0.0455240386706811,0.654845787032106,0.654845787032106,0.654845787032106,0.654845787032106,-0.0455240386706811,0.654845787032106,0.654845787032106,0.654845787032106,0.304660874180712,-1.09607877722486,-2.14663351577904,0.654845787032106,0.304660874180712,0.304660874180712,0.654845787032106,0.654845787032106,0.654845787032106,-1.79644860292765,0.304660874180712,0.654845787032106,0.654845787032106,-0.0455240386706811,0.654845787032106,-0.0455240386706811,-0.0455240386706811,-0.0455240386706811,-2.14663351577904,-1.79644860292765,0.654845787032106,0.654845787032106,-1.79644860292765,-1.79644860292765,-1.79644860292765,-2.14663351577904,-1.79644860292765,0.654845787032106,0.654845787032106,0.654845787032106,0.304660874180712,0.654845787032106,-0.745893864373468,0.654845787032106,-1.09607877722486,0.654845787032106,0.654845787032106,0.654845787032106,0.654845787032106,-0.745893864373468,0.654845787032106,-1.79644860292765,0.654845787032106,0.654845787032106,0.654845787032106,0.654845787032106,0.654845787032106,0.654845787032106,0.654845787032106,0.654845787032106,0.654845787032106,-1.79644860292765,0.654845787032106,0.654845787032106,0.654845787032106,0.654845787032106,0.654845787032106,-1.79644860292765,0.304660874180712,0.654845787032106,0.654845787032106,0.654845787032106,0.304660874180712,0.654845787032106,0.654845787032106,0.654845787032106,0.304660874180712,0.654845787032106,0.654845787032106,0.654845787032106,0.654845787032106,-1.79644860292765,-1.79644860292765,0.654845787032106,0.654845787032106
-0.454480370721019,-1.61981465462107,-0.0660356094210028,-0.842925132021036,-1.61981465462107,-0.842925132021036,-1.23136989332105,-0.454480370721019,0.710853913179031,0.710853913179031,0.710853913179031,0.710853913179031,0.322409151879014,-1.61981465462107,-1.61981465462107,-0.842925132021036,-0.0660356094210028,0.322409151879014,0.710853913179031,0.322409151879014,1.09929867447905,-1.61981465462107,-0.842925132021036,-1.23136989332105,0.710853913179031,0.710853913179031,0.322409151879014,-1.61981465462107,-0.454480370721019,-1.23136989332105,-1.23136989332105,0.322409151879014,0.710853913179031,0.322409151879014,-1.61981465462107,0.322409151879014,1.09929867447905,1.09929867447905,-0.842925132021036,1.09929867447905,0.322409151879014,0.710853913179031,-1.23136989332105,-1.61981465462107,-1.23136989332105,-1.23136989332105,-0.842925132021036,-1.23136989332105,-1.23136989332105,-1.23136989332105,-0.0660356094210028,-1.61981465462107,1.09929867447905,1.09929867447905,1.09929867447905,-1.61981465462107,0.710853913179031,1.09929867447905,1.09929867447905,0.710853913179031,0.710853913179031,-0.454480370721019,-0.454480370721019,1.09929867447905,-1.23136989332105,1.09929867447905,0.322409151879014,1.09929867447905,1.09929867447905,1.09929867447905,0.710853913179031,-0.454480370721019,0.710853913179031,-1.23136989332105,1.09929867447905,-1.23136989332105,0.322409151879014,1.09929867447905,1.09929867447905,1.09929867447905,1.09929867447905,0.710853913179031,-1.61981465462107,0.322409151879014,-0.0660356094210028,0.710853913179031,0.322409151879014,1.09929867447905,0.710853913179031,-0.842925132021036,0.710853913179031,0.322409151879014,1.09929867447905,1.09929867447905,0.710853913179031,1.09929867447905,-1.23136989332105,-1.23136989332105,1.09929867447905,1.09929867447905
0.710442343684146,-0.304475290150348,0.372136465739315,-1.31939292398484,-1.99600467987451,-1.99600467987451,-1.65769880192967,-1.99600467987451,-1.99600467987451,0.710442343684146,0.372136465739315,-0.981087046040012,0.710442343684146,-1.99600467987451,-0.981087046040012,0.372136465739315,0.372136465739315,0.710442343684146,0.710442343684146,0.0338305877944830,0.710442343684146,-1.99600467987451,0.372136465739315,0.710442343684146,0.710442343684146,0.372136465739315,-0.642781168095180,-1.99600467987451,-0.304475290150348,-1.31939292398484,0.710442343684146,0.710442343684146,0.710442343684146,-0.981087046040012,-1.65769880192967,0.710442343684146,0.710442343684146,0.710442343684146,0.710442343684146,0.710442343684146,-1.99600467987451,-1.99600467987451,-1.65769880192967,-1.31939292398484,-1.65769880192967,0.372136465739315,0.372136465739315,-0.981087046040012,0.0338305877944830,-1.99600467987451,-0.981087046040012,-1.31939292398484,0.710442343684146,0.710442343684146,0.710442343684146,-1.65769880192967,0.710442343684146,0.372136465739315,0.710442343684146,0.710442343684146,0.710442343684146,0.372136465739315,0.372136465739315,0.372136465739315,0.0338305877944830,0.710442343684146,-0.304475290150348,0.710442343684146,0.710442343684146,0.710442343684146,0.710442343684146,0.710442343684146,0.710442343684146,0.710442343684146,0.710442343684146,0.710442343684146,0.710442343684146,0.710442343684146,0.710442343684146,0.710442343684146,0.710442343684146,0.710442343684146,-1.99600467987451,0.710442343684146,0.0338305877944830,0.710442343684146,0.710442343684146,0.710442343684146,0.710442343684146,0.710442343684146,0.710442343684146,0.710442343684146,0.710442343684146,0.710442343684146,0.710442343684146,0.710442343684146,-0.642781168095180,0.372136465739315,0.710442343684146,0.710442343684146
0.137848543017990,-0.488735743427420,0.137848543017990,-0.488735743427420,0.137848543017990,-0.488735743427420,-0.802027886650126,-1.11532002987283,-1.42861217309554,1.07772497268611,-0.802027886650126,-1.11532002987283,0.137848543017990,-1.42861217309554,-1.42861217309554,-0.488735743427420,-1.42861217309554,0.764432829463401,0.764432829463401,0.137848543017990,1.07772497268611,-0.488735743427420,0.451140686240696,0.451140686240696,0.764432829463401,1.07772497268611,-1.42861217309554,-1.42861217309554,-0.802027886650126,-0.488735743427420,-0.802027886650126,1.07772497268611,1.07772497268611,-0.802027886650126,-1.42861217309554,-1.11532002987283,1.07772497268611,1.07772497268611,1.07772497268611,1.07772497268611,-1.42861217309554,-1.42861217309554,-1.42861217309554,-1.42861217309554,-0.488735743427420,-0.802027886650126,-1.11532002987283,-1.42861217309554,-1.42861217309554,-1.42861217309554,0.764432829463401,-0.802027886650126,1.07772497268611,1.07772497268611,-0.488735743427420,-1.42861217309554,1.07772497268611,-1.11532002987283,0.764432829463401,1.07772497268611,0.137848543017990,1.07772497268611,-1.11532002987283,-0.175443600204715,-1.42861217309554,1.07772497268611,-0.802027886650126,1.07772497268611,1.07772497268611,1.07772497268611,1.07772497268611,-0.175443600204715,1.07772497268611,-0.488735743427420,-0.802027886650126,-0.175443600204715,1.07772497268611,1.07772497268611,1.07772497268611,1.07772497268611,1.07772497268611,0.137848543017990,-1.42861217309554,1.07772497268611,-0.488735743427420,-0.488735743427420,1.07772497268611,1.07772497268611,1.07772497268611,1.07772497268611,0.764432829463401,0.764432829463401,1.07772497268611,1.07772497268611,1.07772497268611,1.07772497268611,-0.802027886650126,-1.11532002987283,1.07772497268611,1.07772497268611
-1.46238043454407,-1.13449244473598,0.832835494112542,-1.46238043454407,-1.46238043454407,-1.46238043454407,-0.478716465119808,-0.806604454927895,-1.79026842435216,0.832835494112542,-1.13449244473598,0.832835494112542,-0.150828475311720,-0.478716465119808,-1.46238043454407,0.504947504304455,-1.46238043454407,0.504947504304455,0.832835494112542,0.177059514496367,0.832835494112542,-1.46238043454407,0.832835494112542,-0.150828475311720,0.832835494112542,0.832835494112542,0.504947504304455,-1.46238043454407,-1.13449244473598,-0.478716465119808,-0.150828475311720,0.832835494112542,0.832835494112542,0.504947504304455,-1.46238043454407,0.832835494112542,0.832835494112542,0.832835494112542,0.504947504304455,0.832835494112542,-1.79026842435216,-1.46238043454407,-1.79026842435216,-1.46238043454407,-1.46238043454407,-0.806604454927895,-0.150828475311720,-0.150828475311720,-1.13449244473598,-1.13449244473598,0.177059514496367,-1.79026842435216,0.832835494112542,0.832835494112542,0.832835494112542,-1.79026842435216,0.832835494112542,-0.150828475311720,0.832835494112542,0.832835494112542,0.832835494112542,0.832835494112542,0.832835494112542,0.177059514496367,-1.79026842435216,0.832835494112542,-1.13449244473598,0.832835494112542,0.832835494112542,0.832835494112542,0.832835494112542,0.832835494112542,0.832835494112542,-0.150828475311720,0.832835494112542,-1.46238043454407,0.832835494112542,0.832835494112542,0.832835494112542,0.832835494112542,-0.806604454927895,0.832835494112542,-1.79026842435216,0.832835494112542,-1.46238043454407,0.832835494112542,0.832835494112542,0.832835494112542,0.832835494112542,0.832835494112542,0.832835494112542,0.832835494112542,0.832835494112542,0.832835494112542,0.832835494112542,0.832835494112542,-0.150828475311720,0.177059514496367,0.832835494112542,0.832835494112542
-0.0562200612060759,-0.0562200612060759,-0.0562200612060759,-0.0562200612060759,-0.0562200612060759,-1.18062128532759,-0.805820877287086,-1.18062128532759,-1.93022210140860,0.693380754874934,-0.805820877287086,0.318580346834429,1.06818116291544,-1.18062128532759,-1.55542169336810,-0.0562200612060759,0.318580346834429,-0.0562200612060759,0.318580346834429,0.693380754874934,0.693380754874934,-1.55542169336810,0.693380754874934,0.318580346834429,1.06818116291544,1.06818116291544,-0.0562200612060759,-1.55542169336810,0.318580346834429,-1.93022210140860,-0.805820877287086,0.318580346834429,0.318580346834429,0.318580346834429,-1.93022210140860,-0.0562200612060759,0.693380754874934,0.318580346834429,-0.0562200612060759,1.06818116291544,-0.805820877287086,-1.55542169336810,-1.18062128532759,-0.805820877287086,-1.18062128532759,-0.0562200612060759,-0.805820877287086,-0.805820877287086,-1.93022210140860,-1.18062128532759,-1.18062128532759,-1.55542169336810,1.06818116291544,1.06818116291544,0.693380754874934,-1.55542169336810,1.06818116291544,0.318580346834429,0.693380754874934,0.693380754874934,0.693380754874934,0.693380754874934,0.693380754874934,-1.18062128532759,-1.55542169336810,0.693380754874934,-1.18062128532759,1.06818116291544,1.06818116291544,1.06818116291544,1.06818116291544,1.06818116291544,1.06818116291544,0.318580346834429,1.06818116291544,0.318580346834429,-1.18062128532759,1.06818116291544,0.693380754874934,0.693380754874934,-0.805820877287086,0.693380754874934,-1.93022210140860,1.06818116291544,-1.93022210140860,1.06818116291544,1.06818116291544,0.693380754874934,1.06818116291544,1.06818116291544,0.693380754874934,1.06818116291544,1.06818116291544,1.06818116291544,1.06818116291544,0.318580346834429,-1.18062128532759,-0.805820877287086,1.06818116291544,0.693380754874934
-0.295639625165028,0.0933598816310616,0.0933598816310616,-0.295639625165028,-1.07363863875721,-2.24063715914548,0.482359388427151,-0.295639625165028,-1.46263814555330,0.871358895223241,-0.295639625165028,-1.85163765234939,-0.295639625165028,0.482359388427151,-2.24063715914548,0.482359388427151,-0.295639625165028,0.871358895223241,0.871358895223241,-1.85163765234939,-0.295639625165028,-0.684639131961118,0.871358895223241,0.871358895223241,0.871358895223241,0.871358895223241,0.0933598816310616,0.482359388427151,0.871358895223241,-1.07363863875721,-0.295639625165028,0.482359388427151,0.482359388427151,0.871358895223241,-2.24063715914548,0.0933598816310616,0.871358895223241,0.871358895223241,0.0933598816310616,0.871358895223241,0.482359388427151,-1.85163765234939,-1.46263814555330,-0.295639625165028,-2.24063715914548,0.482359388427151,-0.295639625165028,-1.85163765234939,-2.24063715914548,-1.85163765234939,-1.46263814555330,-0.295639625165028,0.871358895223241,0.871358895223241,-1.85163765234939,-0.684639131961118,0.871358895223241,0.482359388427151,0.0933598816310616,0.482359388427151,-1.85163765234939,0.0933598816310616,0.0933598816310616,0.482359388427151,-1.46263814555330,0.871358895223241,0.482359388427151,0.871358895223241,0.871358895223241,0.871358895223241,0.871358895223241,-0.684639131961118,0.871358895223241,0.482359388427151,0.871358895223241,0.0933598816310616,0.482359388427151,0.871358895223241,0.482359388427151,0.871358895223241,0.871358895223241,0.871358895223241,-2.24063715914548,0.482359388427151,-0.295639625165028,0.0933598816310616,0.871358895223241,0.482359388427151,0.871358895223241,0.871358895223241,0.871358895223241,0.0933598816310616,-0.295639625165028,0.871358895223241,0.871358895223241,0.871358895223241,-0.295639625165028,0.871358895223241,0.871358895223241,0.871358895223241
-0.657661467512512,0.623497235433940,-0.230608566530361,0.623497235433940,-2.36587307144111,-2.36587307144111,0.623497235433940,-1.93882017045896,-2.36587307144111,0.623497235433940,0.623497235433940,0.623497235433940,0.623497235433940,-1.51176726947681,-2.36587307144111,-0.657661467512512,-0.657661467512512,-0.230608566530361,0.196444334451789,0.623497235433940,0.623497235433940,0.196444334451789,0.623497235433940,0.623497235433940,0.623497235433940,0.623497235433940,-1.93882017045896,-2.36587307144111,0.623497235433940,-2.36587307144111,-0.657661467512512,-0.230608566530361,0.623497235433940,0.196444334451789,0.623497235433940,0.623497235433940,0.623497235433940,0.623497235433940,0.623497235433940,0.623497235433940,-0.657661467512512,0.623497235433940,0.623497235433940,-0.657661467512512,-1.51176726947681,-0.657661467512512,-0.230608566530361,0.196444334451789,-1.51176726947681,0.196444334451789,-1.93882017045896,-1.51176726947681,0.623497235433940,0.623497235433940,0.623497235433940,-1.51176726947681,0.623497235433940,0.196444334451789,-0.230608566530361,0.623497235433940,0.623497235433940,0.623497235433940,0.623497235433940,0.623497235433940,-1.93882017045896,0.623497235433940,-1.93882017045896,0.623497235433940,0.623497235433940,0.623497235433940,0.623497235433940,0.623497235433940,0.623497235433940,0.623497235433940,0.196444334451789,0.623497235433940,0.623497235433940,0.623497235433940,0.623497235433940,0.196444334451789,0.623497235433940,0.623497235433940,-2.79292597242326,0.623497235433940,0.623497235433940,0.196444334451789,0.623497235433940,0.623497235433940,0.623497235433940,0.623497235433940,0.623497235433940,0.623497235433940,0.623497235433940,0.623497235433940,0.623497235433940,0.623497235433940,0.196444334451789,0.623497235433940,0.623497235433940,0.623497235433940
-1.11279949784626,-0.365954197278301,-0.739376847562282,-0.365954197278301,-0.365954197278301,-1.48622214813024,-0.739376847562282,-1.48622214813024,-1.48622214813024,0.754313753573641,-0.365954197278301,0.754313753573641,-0.739376847562282,-1.11279949784626,-1.85964479841422,0.754313753573641,0.754313753573641,0.754313753573641,0.754313753573641,0.754313753573641,0.754313753573641,-1.48622214813024,0.754313753573641,0.754313753573641,0.754313753573641,0.00746845300567945,0.754313753573641,-1.48622214813024,0.754313753573641,-1.48622214813024,-1.48622214813024,0.754313753573641,0.754313753573641,0.754313753573641,-1.48622214813024,-0.739376847562282,0.754313753573641,0.754313753573641,0.754313753573641,0.754313753573641,-1.85964479841422,-1.48622214813024,-1.11279949784626,0.754313753573641,-1.85964479841422,0.754313753573641,-1.48622214813024,-0.365954197278301,-0.739376847562282,-1.85964479841422,-1.48622214813024,-1.85964479841422,0.754313753573641,0.754313753573641,0.754313753573641,-1.85964479841422,0.754313753573641,0.754313753573641,0.754313753573641,0.754313753573641,0.754313753573641,0.754313753573641,0.754313753573641,0.754313753573641,-1.11279949784626,0.754313753573641,-1.48622214813024,0.754313753573641,0.754313753573641,0.754313753573641,0.754313753573641,-1.11279949784626,0.754313753573641,-0.365954197278301,0.754313753573641,0.754313753573641,0.00746845300567945,0.754313753573641,0.754313753573641,0.754313753573641,0.754313753573641,0.754313753573641,-1.48622214813024,0.754313753573641,-1.48622214813024,0.754313753573641,0.754313753573641,0.754313753573641,0.754313753573641,0.754313753573641,0.754313753573641,0.754313753573641,0.754313753573641,0.754313753573641,0.754313753573641,0.754313753573641,-1.85964479841422,0.00746845300567945,0.754313753573641,0.754313753573641
0.263394749166789,-0.118336771364789,-0.118336771364789,-1.64526285349110,0.645126269698366,-2.02699437402268,-0.118336771364789,-0.500068291896367,-1.26353133295952,0.645126269698366,-0.881799812427944,0.263394749166789,0.645126269698366,-0.500068291896367,-1.64526285349110,-0.881799812427944,-0.881799812427944,1.02685779022994,0.263394749166789,0.263394749166789,1.02685779022994,-0.881799812427944,1.02685779022994,-0.118336771364789,0.645126269698366,1.02685779022994,-2.02699437402268,-0.881799812427944,-2.02699437402268,-2.02699437402268,0.263394749166789,-0.118336771364789,1.02685779022994,-0.500068291896367,-0.881799812427944,1.02685779022994,1.02685779022994,0.645126269698366,0.645126269698366,0.645126269698366,-1.26353133295952,-0.881799812427944,-0.118336771364789,-1.26353133295952,-2.02699437402268,-0.881799812427944,-1.64526285349110,-0.881799812427944,-2.02699437402268,0.645126269698366,-0.118336771364789,-0.118336771364789,1.02685779022994,0.645126269698366,0.645126269698366,-1.64526285349110,1.02685779022994,0.645126269698366,1.02685779022994,-1.26353133295952,-0.500068291896367,0.645126269698366,0.263394749166789,-0.881799812427944,-0.118336771364789,1.02685779022994,-0.881799812427944,1.02685779022994,1.02685779022994,1.02685779022994,1.02685779022994,0.645126269698366,1.02685779022994,0.263394749166789,1.02685779022994,0.645126269698366,-1.64526285349110,1.02685779022994,0.645126269698366,1.02685779022994,1.02685779022994,1.02685779022994,-1.64526285349110,-1.26353133295952,-0.118336771364789,-0.118336771364789,1.02685779022994,1.02685779022994,1.02685779022994,1.02685779022994,0.645126269698366,0.645126269698366,-0.500068291896367,1.02685779022994,1.02685779022994,0.645126269698366,-1.26353133295952,-0.118336771364789,1.02685779022994,1.02685779022994
0.726492806645225,0.726492806645225,0.726492806645225,0.726492806645225,-1.50886967534008,0.726492806645225,-1.50886967534008,-1.50886967534008,-1.50886967534008,0.726492806645225,0.726492806645225,0.726492806645225,-1.50886967534008,-1.50886967534008,-1.50886967534008,-1.50886967534008,-1.50886967534008,0.726492806645225,0.167652186148898,-0.111768124099265,0.726492806645225,0.726492806645225,-1.50886967534008,-1.50886967534008,0.726492806645225,0.726492806645225,0.726492806645225,-1.50886967534008,-1.50886967534008,-1.50886967534008,-1.50886967534008,0.726492806645225,0.726492806645225,0.726492806645225,-1.50886967534008,0.726492806645225,0.726492806645225,0.726492806645225,0.726492806645225,0.726492806645225,-1.50886967534008,0.726492806645225,0.726492806645225,-1.22944936509192,-1.50886967534008,-1.50886967534008,-1.50886967534008,-0.950029054843755,-1.50886967534008,-1.50886967534008,-1.50886967534008,0.726492806645225,0.726492806645225,0.726492806645225,0.726492806645225,0.726492806645225,0.726492806645225,0.726492806645225,-0.111768124099265,0.726492806645225,-1.50886967534008,0.447072496397061,0.447072496397061,0.726492806645225,-0.950029054843755,0.726492806645225,-1.22944936509192,0.726492806645225,0.726492806645225,0.726492806645225,0.726492806645225,0.726492806645225,0.726492806645225,-0.670608744595592,0.726492806645225,0.726492806645225,-1.50886967534008,0.726492806645225,0.726492806645225,0.726492806645225,-0.670608744595592,0.726492806645225,-1.50886967534008,0.726492806645225,0.726492806645225,0.726492806645225,0.726492806645225,0.726492806645225,0.726492806645225,0.726492806645225,0.726492806645225,0.726492806645225,0.726492806645225,0.726492806645225,0.726492806645225,0.726492806645225,-0.950029054843755,0.726492806645225,0.726492806645225,0.726492806645225
0.484424056655599,0.484424056655599,-1.93769622662239,-2.54322629744189,0.484424056655599,0.484424056655599,0.484424056655599,0.484424056655599,-1.93769622662239,0.484424056655599,0.484424056655599,0.484424056655599,0.484424056655599,0.484424056655599,-3.75428643908089,0.484424056655599,0.484424056655599,-0.726636084983397,0.484424056655599,-0.121106014163899,0.484424056655599,0.484424056655599,-0.121106014163899,0.484424056655599,0.484424056655599,0.484424056655599,-1.93769622662239,0.484424056655599,0.484424056655599,0.484424056655599,-3.14875636826139,0.484424056655599,-0.121106014163899,0.484424056655599,-1.93769622662239,0.484424056655599,0.484424056655599,0.484424056655599,0.484424056655599,0.484424056655599,-2.54322629744189,0.484424056655599,0.484424056655599,0.484424056655599,-0.121106014163899,-2.54322629744189,0.484424056655599,-1.33216615580290,0.484424056655599,-2.54322629744189,-1.93769622662239,0.484424056655599,0.484424056655599,0.484424056655599,0.484424056655599,-1.33216615580290,0.484424056655599,0.484424056655599,0.484424056655599,0.484424056655599,0.484424056655599,0.484424056655599,0.484424056655599,0.484424056655599,0.484424056655599,0.484424056655599,0.484424056655599,0.484424056655599,0.484424056655599,0.484424056655599,0.484424056655599,0.484424056655599,0.484424056655599,-0.121106014163899,0.484424056655599,0.484424056655599,0.484424056655599,0.484424056655599,0.484424056655599,-1.33216615580290,0.484424056655599,0.484424056655599,-1.93769622662239,-0.726636084983397,0.484424056655599,0.484424056655599,0.484424056655599,-1.33216615580290,0.484424056655599,0.484424056655599,0.484424056655599,0.484424056655599,0.484424056655599,0.484424056655599,0.484424056655599,0.484424056655599,0.484424056655599,-0.726636084983397,0.484424056655599,0.484424056655599
0.257449509097633,0.257449509097633,0.679497884667522,0.257449509097633,-1.43074399318193,-1.85279236875181,0.679497884667522,0.257449509097633,-2.69688911989159,0.679497884667522,0.257449509097633,0.679497884667522,-0.164598866472257,-1.43074399318193,-1.43074399318193,0.679497884667522,-1.00869561761204,0.679497884667522,0.679497884667522,0.257449509097633,0.679497884667522,-1.00869561761204,0.257449509097633,0.257449509097633,0.679497884667522,0.679497884667522,-2.27484074432170,-1.43074399318193,-0.164598866472257,-2.69688911989159,0.257449509097633,-1.00869561761204,0.257449509097633,0.679497884667522,-2.27484074432170,-0.164598866472257,0.679497884667522,0.679497884667522,0.257449509097633,0.679497884667522,-0.164598866472257,-2.69688911989159,0.257449509097633,0.257449509097633,0.257449509097633,-0.586647242042146,-0.586647242042146,-0.164598866472257,-1.85279236875181,-0.586647242042146,-1.00869561761204,-2.27484074432170,0.679497884667522,0.679497884667522,0.679497884667522,-2.69688911989159,0.679497884667522,0.679497884667522,0.679497884667522,0.679497884667522,0.679497884667522,0.679497884667522,0.257449509097633,0.257449509097633,-1.00869561761204,0.679497884667522,-0.164598866472257,0.679497884667522,0.679497884667522,0.679497884667522,0.679497884667522,0.679497884667522,0.679497884667522,0.679497884667522,0.679497884667522,0.679497884667522,-1.85279236875181,0.679497884667522,0.679497884667522,0.679497884667522,0.679497884667522,0.679497884667522,-0.164598866472257,0.679497884667522,-2.27484074432170,0.679497884667522,0.679497884667522,0.679497884667522,0.679497884667522,0.679497884667522,0.679497884667522,0.257449509097633,0.257449509097633,0.679497884667522,0.679497884667522,0.679497884667522,0.257449509097633,0.679497884667522,0.679497884667522,0.257449509097633
-1.11532798841378,-1.11532798841378,0.196822586190667,0.524860229841779,-1.44336563206489,-1.77140327571601,-1.77140327571601,-1.77140327571601,-1.44336563206489,0.524860229841779,0.524860229841779,0.852897873492891,0.524860229841779,-1.11532798841378,-1.77140327571601,0.196822586190667,0.196822586190667,0.852897873492891,0.852897873492891,0.852897873492891,0.852897873492891,-1.44336563206489,0.524860229841779,0.524860229841779,0.524860229841779,0.852897873492891,0.852897873492891,-1.77140327571601,0.852897873492891,-1.44336563206489,-0.131215057460445,0.524860229841779,0.852897873492891,0.196822586190667,-1.77140327571601,0.524860229841779,0.852897873492891,0.524860229841779,-0.131215057460445,0.524860229841779,-1.44336563206489,-0.787290344762669,-0.131215057460445,-1.11532798841378,-1.77140327571601,0.852897873492891,0.852897873492891,-0.459252701111557,-1.44336563206489,-1.77140327571601,-1.11532798841378,-1.44336563206489,0.852897873492891,0.852897873492891,0.852897873492891,-1.11532798841378,0.852897873492891,-1.11532798841378,0.852897873492891,0.852897873492891,0.524860229841779,0.852897873492891,0.524860229841779,-0.787290344762669,-1.77140327571601,0.524860229841779,-1.44336563206489,0.852897873492891,0.852897873492891,0.852897873492891,0.852897873492891,0.852897873492891,0.524860229841779,0.524860229841779,0.852897873492891,0.524860229841779,-0.787290344762669,0.852897873492891,0.852897873492891,0.852897873492891,0.524860229841779,0.196822586190667,-1.77140327571601,0.196822586190667,-1.11532798841378,0.852897873492891,0.852897873492891,0.524860229841779,0.852897873492891,0.852897873492891,0.524860229841779,0.852897873492891,0.852897873492891,0.852897873492891,0.852897873492891,0.852897873492891,-1.44336563206489,-1.77140327571601,0.524860229841779,0.852897873492891
-0.871790760968528,-0.871790760968528,-0.871790760968528,-1.20076840661703,-0.871790760968528,-0.871790760968528,-1.20076840661703,-0.871790760968528,-1.20076840661703,1.10207511292248,-1.20076840661703,-0.871790760968528,1.10207511292248,-1.20076840661703,-1.52974605226553,-0.213835469671526,-1.20076840661703,0.773097467273977,1.10207511292248,0.773097467273977,-0.213835469671526,-1.20076840661703,-0.213835469671526,-1.20076840661703,0.773097467273977,1.10207511292248,-0.213835469671526,-1.52974605226553,-0.871790760968528,-1.52974605226553,0.444119821625476,-0.213835469671526,1.10207511292248,-0.542813115320027,-0.213835469671526,-0.213835469671526,1.10207511292248,0.773097467273977,0.773097467273977,1.10207511292248,-0.213835469671526,-1.20076840661703,-1.20076840661703,-0.213835469671526,-1.20076840661703,-1.20076840661703,-0.213835469671526,-1.20076840661703,-1.20076840661703,-1.52974605226553,-1.52974605226553,-1.52974605226553,1.10207511292248,1.10207511292248,1.10207511292248,-1.20076840661703,1.10207511292248,0.444119821625476,-0.213835469671526,-0.213835469671526,-0.213835469671526,-0.213835469671526,0.115142175976975,-0.213835469671526,-1.52974605226553,1.10207511292248,-0.871790760968528,1.10207511292248,1.10207511292248,1.10207511292248,1.10207511292248,1.10207511292248,1.10207511292248,0.773097467273977,1.10207511292248,1.10207511292248,-0.871790760968528,1.10207511292248,1.10207511292248,1.10207511292248,0.773097467273977,1.10207511292248,-1.20076840661703,-1.20076840661703,-1.20076840661703,1.10207511292248,1.10207511292248,1.10207511292248,1.10207511292248,1.10207511292248,1.10207511292248,0.773097467273977,1.10207511292248,1.10207511292248,1.10207511292248,0.773097467273977,-0.871790760968528,-0.213835469671526,1.10207511292248,0.444119821625476
-0.957482404944394,0.740181433609496,0.740181433609496,-1.63654794036595,-1.63654794036595,-1.29701517265517,-1.29701517265517,-0.278416869522838,-1.63654794036595,0.740181433609496,-1.29701517265517,0.400648665898718,-0.278416869522838,-1.63654794036595,-1.63654794036595,-0.278416869522838,-0.957482404944394,-0.617949637233616,-0.278416869522838,-0.278416869522838,1.07971420132027,-0.957482404944394,-0.278416869522838,-0.617949637233616,0.740181433609496,0.400648665898718,0.0611158981879399,-1.63654794036595,-0.617949637233616,-1.29701517265517,-0.278416869522838,0.740181433609496,1.07971420132027,0.740181433609496,-1.63654794036595,1.07971420132027,1.07971420132027,1.07971420132027,0.0611158981879399,1.07971420132027,-0.617949637233616,-0.957482404944394,-1.63654794036595,-1.63654794036595,-0.957482404944394,0.740181433609496,0.0611158981879399,-1.63654794036595,0.0611158981879399,0.0611158981879399,-1.29701517265517,-0.617949637233616,1.07971420132027,1.07971420132027,0.740181433609496,-1.63654794036595,0.400648665898718,-0.957482404944394,-0.617949637233616,1.07971420132027,-0.278416869522838,0.740181433609496,0.740181433609496,0.400648665898718,-0.278416869522838,1.07971420132027,-0.957482404944394,1.07971420132027,1.07971420132027,1.07971420132027,1.07971420132027,1.07971420132027,0.400648665898718,0.400648665898718,1.07971420132027,0.400648665898718,0.400648665898718,1.07971420132027,1.07971420132027,0.740181433609496,-0.617949637233616,0.0611158981879399,-1.29701517265517,0.740181433609496,-1.29701517265517,1.07971420132027,1.07971420132027,1.07971420132027,1.07971420132027,1.07971420132027,1.07971420132027,0.740181433609496,1.07971420132027,1.07971420132027,1.07971420132027,1.07971420132027,-1.63654794036595,-1.63654794036595,1.07971420132027,-0.617949637233616
0.157815272953408,0.157815272953408,-1.02579927419715,-1.02579927419715,-0.236722909430111,-1.42033745658067,-0.236722909430111,-1.81487563896419,-1.42033745658067,0.946891637720445,-1.81487563896419,-0.236722909430111,0.552353455336926,-1.81487563896419,-1.42033745658067,0.552353455336926,-0.236722909430111,0.946891637720445,-0.236722909430111,0.552353455336926,0.946891637720445,-1.02579927419715,0.552353455336926,0.552353455336926,0.552353455336926,0.552353455336926,0.552353455336926,-1.42033745658067,0.552353455336926,-2.20941382134770,-0.236722909430111,0.157815272953408,0.946891637720445,-0.236722909430111,0.157815272953408,0.552353455336926,0.946891637720445,0.946891637720445,0.157815272953408,0.946891637720445,-0.631261091813630,-1.81487563896419,-1.81487563896419,-1.42033745658067,-1.81487563896419,-0.236722909430111,-1.02579927419715,-1.02579927419715,-2.20941382134770,0.157815272953408,-1.42033745658067,-0.631261091813630,0.946891637720445,0.552353455336926,0.552353455336926,-1.81487563896419,0.552353455336926,0.157815272953408,0.552353455336926,0.946891637720445,0.552353455336926,0.552353455336926,0.552353455336926,0.552353455336926,-1.81487563896419,0.552353455336926,-0.631261091813630,0.946891637720445,0.946891637720445,0.946891637720445,0.946891637720445,0.946891637720445,0.552353455336926,0.552353455336926,0.946891637720445,0.157815272953408,0.552353455336926,0.946891637720445,0.946891637720445,0.552353455336926,0.552353455336926,0.552353455336926,-2.20941382134770,0.552353455336926,-2.20941382134770,0.552353455336926,0.946891637720445,0.946891637720445,0.946891637720445,0.552353455336926,0.946891637720445,0.946891637720445,0.552353455336926,0.946891637720445,0.552353455336926,0.946891637720445,0.157815272953408,-1.42033745658067,0.946891637720445,0.552353455336926
0.485292784434751,0.855745291636851,-0.255612229969449,-0.626064737171549,-1.36696975157575,-2.10787476597995,-0.996517244373649,-1.73742225877785,-1.73742225877785,0.855745291636851,-1.36696975157575,0.855745291636851,-0.255612229969449,-0.626064737171549,-2.10787476597995,0.485292784434751,-1.73742225877785,0.855745291636851,0.855745291636851,0.485292784434751,0.855745291636851,-0.996517244373649,0.485292784434751,-0.255612229969449,0.855745291636851,0.855745291636851,-0.255612229969449,-0.996517244373649,-0.626064737171549,-1.73742225877785,-0.996517244373649,0.855745291636851,0.855745291636851,0.114840277232651,-0.626064737171549,0.485292784434751,0.485292784434751,0.855745291636851,0.114840277232651,0.855745291636851,-1.73742225877785,-2.10787476597995,0.485292784434751,-1.73742225877785,-0.996517244373649,0.114840277232651,-0.626064737171549,-0.996517244373649,-1.73742225877785,0.114840277232651,-0.255612229969449,-2.10787476597995,0.855745291636851,0.855745291636851,0.855745291636851,-0.626064737171549,0.855745291636851,0.855745291636851,0.485292784434751,0.855745291636851,0.855745291636851,0.855745291636851,0.855745291636851,0.485292784434751,-2.10787476597995,0.855745291636851,-0.255612229969449,0.855745291636851,0.855745291636851,0.855745291636851,0.855745291636851,0.855745291636851,0.855745291636851,0.855745291636851,0.855745291636851,-0.626064737171549,0.485292784434751,0.855745291636851,0.855745291636851,0.855745291636851,0.114840277232651,0.855745291636851,-1.73742225877785,0.114840277232651,-1.73742225877785,0.855745291636851,0.485292784434751,0.855745291636851,0.855745291636851,-1.73742225877785,0.485292784434751,0.485292784434751,0.485292784434751,0.855745291636851,0.855745291636851,0.855745291636851,-0.255612229969449,-0.255612229969449,0.855745291636851,0.485292784434751
0.443445414472219,0.0611648847547889,0.443445414472219,-1.46795723411493,-1.08567670439750,-1.08567670439750,-0.703396174680072,-1.08567670439750,-1.46795723411493,1.20800647390708,-0.703396174680072,0.825725944189650,0.0611648847547889,-1.46795723411493,-1.85023776383236,0.0611648847547889,-0.321115644962642,1.20800647390708,0.443445414472219,0.0611648847547889,0.443445414472219,-0.703396174680072,0.0611648847547889,-0.703396174680072,1.20800647390708,1.20800647390708,-0.321115644962642,-1.46795723411493,0.0611648847547889,-1.46795723411493,-0.321115644962642,0.443445414472219,1.20800647390708,0.443445414472219,-1.46795723411493,0.0611648847547889,1.20800647390708,0.825725944189650,0.0611648847547889,1.20800647390708,-0.703396174680072,-1.46795723411493,-1.08567670439750,0.0611648847547889,-1.08567670439750,-0.703396174680072,-1.08567670439750,-1.08567670439750,-1.85023776383236,-1.46795723411493,0.0611648847547889,-1.46795723411493,1.20800647390708,1.20800647390708,-1.46795723411493,-1.46795723411493,1.20800647390708,0.0611648847547889,0.825725944189650,0.443445414472219,0.443445414472219,0.443445414472219,0.0611648847547889,0.443445414472219,-1.08567670439750,-1.46795723411493,-1.08567670439750,1.20800647390708,1.20800647390708,1.20800647390708,1.20800647390708,0.443445414472219,1.20800647390708,-0.321115644962642,1.20800647390708,0.825725944189650,0.0611648847547889,1.20800647390708,1.20800647390708,0.443445414472219,-1.08567670439750,0.443445414472219,-1.08567670439750,0.443445414472219,-1.08567670439750,1.20800647390708,0.825725944189650,0.443445414472219,1.20800647390708,-1.46795723411493,0.825725944189650,0.0611648847547889,1.20800647390708,1.20800647390708,1.20800647390708,0.825725944189650,-1.08567670439750,-1.08567670439750,1.20800647390708,1.20800647390708
0.688310217863747,-0.557500131210908,0.688310217863747,-1.80331048028556,-0.868952718479572,-1.80331048028556,-0.557500131210908,-1.80331048028556,-1.80331048028556,-1.80331048028556,0.688310217863747,-0.246047543942244,0.688310217863747,-1.80331048028556,-1.80331048028556,0.688310217863747,-1.80331048028556,0.688310217863747,0.688310217863747,0.688310217863747,0.688310217863747,-0.557500131210908,0.0654050433264194,0.688310217863747,0.688310217863747,0.688310217863747,-1.80331048028556,-1.80331048028556,0.688310217863747,-1.80331048028556,0.688310217863747,0.688310217863747,0.376857630595083,-0.557500131210908,-1.80331048028556,0.376857630595083,0.688310217863747,0.688310217863747,0.688310217863747,0.688310217863747,-0.246047543942244,-1.49185789301690,0.688310217863747,-1.80331048028556,-0.557500131210908,0.376857630595083,0.376857630595083,-1.49185789301690,-1.80331048028556,-0.557500131210908,0.0654050433264194,0.688310217863747,0.688310217863747,0.688310217863747,0.688310217863747,-1.80331048028556,0.688310217863747,-0.868952718479572,0.688310217863747,0.688310217863747,0.688310217863747,0.688310217863747,0.688310217863747,0.688310217863747,-0.868952718479572,0.688310217863747,0.688310217863747,0.688310217863747,0.688310217863747,0.688310217863747,0.688310217863747,0.688310217863747,0.688310217863747,0.688310217863747,0.688310217863747,0.688310217863747,-1.49185789301690,0.688310217863747,0.688310217863747,0.688310217863747,0.688310217863747,0.688310217863747,-1.80331048028556,0.688310217863747,-1.80331048028556,0.688310217863747,0.688310217863747,0.688310217863747,0.688310217863747,0.688310217863747,0.688310217863747,-0.246047543942244,0.688310217863747,0.688310217863747,0.688310217863747,0.688310217863747,0.688310217863747,-1.80331048028556,0.688310217863747,0.688310217863747
